GrainID,Ns,A,U1,U1err
1-2,1.0,2200.0,2.2796909803152547,0.22796909803152549
1-3,1.0,1800.0,1.8437953753898626,0.18437953753898628
1-6,1.0,1600.0,1.647534746547112,0.1647534746547112
1-10,1.0,1500.0,2.48925342532915,0.24892534253291498
1-12,2.0,1800.0,1.48596153398116,0.14859615339811602
1-13,1.0,2100.0,3.127144860263199,0.3127144860263199
